seed,leaky_mean,clean_mean,inflation
0,0.8281355932203389,0.8315254237288137,-0.003389830508474745
1,0.8250282485875706,0.8250282485875706,0.0
2,0.8420903954802261,0.8420903954802261,0.0
