class_weight,accuracy,roc_auc,minority_recall
None,0.8003412969283277,0.8448341922417925,0.5182012847965739
balanced,0.7508532423208191,0.8446625211271577,0.7794432548179872
