solver,cv_auc_mean,cv_auc_std
lbfgs,0.8451784614894994,0.007141658077514712
saga,0.8452242990948958,0.007145948173600588
liblinear,0.8452165434352642,0.007159669690205168
