method,kernel,test_acc
PCA,,0.965034965034965
KernelPCA,linear,0.965034965034965
KernelPCA,rbf,0.9230769230769231
KernelPCA,poly,0.9370629370629371
