k,weights,test_acc,boot_mean,boot_ci_lo,boot_ci_hi,n_boot
31,distance,0.8533333333333334,0.8508666666666668,0.7733333333333333,0.9333333333333333,200
