batch_size,epochs,test_acc,train_time_s
128,8,0.8271175203049892,0.4461991250000006
512,8,0.8246311950936516,0.16374454199999988
2048,8,0.8054036134593071,0.09159245800000004
