mode,test_acc,n_iter,train_time_s
full_epochs,0.8319244157135753,30,0.2198096670000007
early_stopping,0.7878335819658545,10,0.07138591599999966
